ID,Sequence,Length,Net_Charge,Hydrophobicity,Hydrophobic_Moment,Instability_Index,Boman_Index,Isoelectric_Point,GRAVY
peptide0,EWPKCECWKPCYSGGG,16,7.81640625,0.04990337367707332,0.04990337367707332,7.81640625,7.81640625,7.81640625,7.81640625
peptide1,AEFDLDGHKQGKKD,14,7.6875,0.26979109302470455,0.26979109302470455,7.6875,7.6875,7.6875,7.6875
peptide2,KAAYYSHENKGKDYGKHKKG,20,10.3984375,0.18309832505465917,0.18309832505465917,10.3984375,10.3984375,10.3984375,10.3984375
peptide3,IPWVKYDGDHHHSHHKGRGYPGASNPPGHGYKHEHHPKY,39,9.926025390625,0.06294412183285986,0.06294412183285986,9.926025390625,9.926025390625,9.926025390625,9.926025390625
peptide4,IANQKQKKKCGDKHKYGHP,19,10.7373046875,0.06067493230995228,0.06067493230995228,10.7373046875,10.7373046875,10.7373046875,10.7373046875
peptide5,FAAAYSLWRGYK,12,10.62939453125,0.38650099855689085,0.38650099855689085,10.62939453125,10.62939453125,10.62939453125,10.62939453125
peptide6,ETAAEHSVAKIGGHYHKMHYYGKHHD,26,9.3095703125,0.17107110557567123,0.17107110557567123,9.3095703125,9.3095703125,9.3095703125,9.3095703125
peptide7,VDADWGGKYGKPGPHKKKGS,20,10.599365234375,0.13233630295868304,0.13233630295868304,10.599365234375,10.599365234375,10.599365234375,10.599365234375
peptide8,DAAKPAKGKGMHYG,14,10.5634765625,0.22714753245543978,0.22714753245543978,10.5634765625,10.5634765625,10.5634765625,10.5634765625
peptide9,WAWTGNSKKGGYYK,14,10.65966796875,0.017660257190638427,0.017660257190638427,10.65966796875,10.65966796875,10.65966796875,10.65966796875
peptide10,QANVVRLDGYKAGK,14,10.80419921875,0.2391685467872162,0.2391685467872162,10.80419921875,10.80419921875,10.80419921875,10.80419921875
peptide11,CAHNMGPGHP,10,8.765625,0.15605086967473153,0.15605086967473153,8.765625,8.765625,8.765625,8.765625
peptide12,ARLKAHGGYHYKQKKKGPHD,20,10.928466796875,0.1916916531784851,0.1916916531784851,10.928466796875,10.928466796875,10.928466796875,10.928466796875
peptide13,DAWYYHAYKYYVHHTHGKYL,20,9.53271484375,0.030464555144318766,0.030464555144318766,9.53271484375,9.53271484375,9.53271484375,9.53271484375
peptide14,HAKYAKWPPPHHRRYYKKQK,20,11.251953125,0.32395810639693245,0.32395810639693245,11.251953125,11.251953125,11.251953125,11.251953125
peptide15,IPTFHCKAKKHKDDSHGKPG,20,10.519775390625,0.16222061326683174,0.16222061326683174,10.519775390625,10.519775390625,10.519775390625,10.519775390625
peptide16,TAAKKLPYKHQHKGDYSLHG,20,10.508056640625,0.2239145010724423,0.2239145010724423,10.508056640625,10.508056640625,10.508056640625,10.508056640625
peptide17,YAHPNGYPKKIG,12,10.4248046875,0.2451858943109186,0.2451858943109186,10.4248046875,10.4248046875,10.4248046875,10.4248046875
peptide18,ANAAAATPKGKKGKH,15,13.140625,0.08365202622797503,0.08365202622797503,13.140625,13.140625,13.140625,13.140625
peptide19,VIAGLKTLGDKDKYKHKKKY,20,10.66455078125,0.17602851241076664,0.17602851241076664,10.66455078125,10.66455078125,10.66455078125,10.66455078125
peptide20,HWVAACADNDHSDSHG,16,5.75341796875,0.07095150562649012,0.07095150562649012,5.75341796875,5.75341796875,5.75341796875,5.75341796875
peptide21,VHTPRGGPSYHHPHYWKPPG,20,10.62939453125,0.0738014156051143,0.0738014156051143,10.62939453125,10.62939453125,10.62939453125,10.62939453125
peptide22,QDRFWHAYFHYYKKKHHKPPPGKDKKYHGGPKGG,34,10.648193359375,0.21590132169907872,0.21590132169907872,10.648193359375,10.648193359375,10.648193359375,10.648193359375
peptide23,IARPAAYHHSYYPHGPKKYG,20,10.31201171875,0.342920931943036,0.342920931943036,10.31201171875,10.31201171875,10.31201171875,10.31201171875
peptide24,RAGAADLPKYHHYGYAYDYK,20,9.60498046875,0.1854595539758851,0.1854595539758851,9.60498046875,9.60498046875,9.60498046875,9.60498046875
peptide25,WAHYKLPKKKYDHYYKKHGKHKGYYLKHSKGYSYPKKYYD,40,10.333740234375,0.10161581860414734,0.10161581860414734,10.333740234375,10.333740234375,10.333740234375,10.333740234375
peptide26,KARYCKHYSS,10,10.418212890625,0.2887353920621431,0.2887353920621431,10.418212890625,10.418212890625,10.418212890625,10.418212890625
peptide27,AAAATSYYKPYTGKGYKGK,19,10.40576171875,0.12743475924624642,0.12743475924624642,10.40576171875,10.40576171875,10.40576171875,10.40576171875
peptide28,GAAMKQKTKKYHGDPKNGGC,20,10.6005859375,0.1852388179758097,0.1852388179758097,10.6005859375,10.6005859375,10.6005859375,10.6005859375
peptide29,QGDHWHKQHKWYGYK,15,10.294189453125,0.21311170852662062,0.21311170852662062,10.294189453125,10.294189453125,10.294189453125,10.294189453125
peptide30,MCYHGLGDGGGGK,13,8.6953125,0.04730453247207144,0.04730453247207144,8.6953125,8.6953125,8.6953125,8.6953125
peptide31,KATHNFGCGHGG,12,10.04296875,0.19997241765019802,0.19997241765019802,10.04296875,10.04296875,10.04296875,10.04296875
peptide32,FCAGKPARKEY,11,10.236328125,0.33513072394543797,0.33513072394543797,10.236328125,10.236328125,10.236328125,10.236328125
peptide33,HAARPGGHKKHKPDGPYKKGKKGHHDHGHGYKKPK,35,11.0654296875,0.23694495827217962,0.23694495827217962,11.0654296875,11.0654296875,11.0654296875,11.0654296875
peptide34,MFKPHDGHKKH,11,10.98681640625,0.2638670344232514,0.2638670344232514,10.98681640625,10.98681640625,10.98681640625,10.98681640625
peptide35,EHAACGGGHGYGKHYGHYYSGGKYKKHPGHKKGGKHKGK,39,10.482421875,0.0970260950400773,0.0970260950400773,10.482421875,10.482421875,10.482421875,10.482421875
peptide36,DACAAYHSGMPKKHHYSYGP,20,9.3681640625,0.05730695906143286,0.05730695906143286,9.3681640625,9.3681640625,9.3681640625,9.3681640625
peptide37,PAAPKSFRGGGSKKHYHSKHKHPKGYHKYKGYKHGQ,36,11.0482177734375,0.11027782741853254,0.11027782741853254,11.0482177734375,11.0482177734375,11.0482177734375,11.0482177734375
peptide38,EFTRCGGPCKPYHSGSGHQG,20,8.8779296875,0.2101440334084884,0.2101440334084884,8.8779296875,8.8779296875,8.8779296875,8.8779296875
peptide39,NMNLPKGHGYKH,12,10.8359375,0.05214755158245535,0.05214755158245535,10.8359375,10.8359375,10.8359375,10.8359375
peptide40,NWAKKKAWYKNYPGKKKPY,19,10.9072265625,0.06489160923238861,0.06489160923238861,10.9072265625,10.9072265625,10.9072265625,10.9072265625
peptide41,YCAYSDYWKKHDHRAHHKYHHPKGKGGKKYHKKCK,35,10.4315185546875,0.24196831743594,0.24196831743594,10.4315185546875,10.4315185546875,10.4315185546875,10.4315185546875
peptide42,KWAGAYKKDPGY,12,10.294189453125,0.22039027835845348,0.22039027835845348,10.294189453125,10.294189453125,10.294189453125,10.294189453125
peptide43,CAAHKAQKKKHK,12,11.279296875,0.2876982653567938,0.2876982653567938,11.279296875,11.279296875,11.279296875,11.279296875
peptide44,RASYHGLHAGPK,12,11.4638671875,0.4733018019248967,0.4733018019248967,11.4638671875,11.4638671875,11.4638671875,11.4638671875
peptide45,VAANADRGKG,10,11.400390625,0.2570929926373614,0.2570929926373614,11.400390625,11.400390625,11.400390625,11.400390625
peptide46,EANSSHNGHYA,11,7.828125,0.05514509510421923,0.05514509510421923,7.828125,7.828125,7.828125,7.828125
peptide47,PAAAKHYSHG,10,10.45947265625,0.2735729733319609,0.2735729733319609,10.45947265625,10.45947265625,10.45947265625,10.45947265625
peptide48,DGALHKIHYPGYKYQK,16,10.107421875,0.3528752508434087,0.3528752508434087,10.107421875,10.107421875,10.107421875,10.107421875
peptide49,VAHLGDSYKG,10,9.650390625,0.318681321328924,0.318681321328924,9.650390625,9.650390625,9.650390625,9.650390625
peptide50,LAVAKGKLSGAGY,13,10.8359375,0.04825449800616102,0.04825449800616102,10.8359375,10.8359375,10.8359375,10.8359375
peptide51,YHKMDYHHKDGPGKGHHHPHKKKYPGDGKDK,31,10.2783203125,0.0961504656303518,0.0961504656303518,10.2783203125,10.2783203125,10.2783203125,10.2783203125
peptide52,NAPAAPKPKGSRMHKHGYGY,20,11.0615234375,0.20837407306338857,0.20837407306338857,11.0615234375,11.0615234375,11.0615234375,11.0615234375
peptide53,WAHTPSMPTGKGYYDNYG,18,9.3623046875,0.09091096720719236,0.09091096720719236,9.3623046875,9.3623046875,9.3623046875,9.3623046875
peptide54,HTAPGYYYKWSHSDKGGGLH,20,9.814697265625,0.08459337160187813,0.08459337160187813,9.814697265625,9.814697265625,9.814697265625,9.814697265625
peptide55,DAAKRHKYKGCYCYKYQYHPHK,22,10.02392578125,0.23093462398069342,0.23093462398069342,10.02392578125,10.02392578125,10.02392578125,10.02392578125
peptide56,CSYQHHPGGHHHGDCYKHKG,20,8.8291015625,0.09823500059036894,0.09823500059036894,8.8291015625,8.8291015625,8.8291015625,8.8291015625
peptide57,IPAGVYKKGYGYKKKGGGGPHDYYYYGHPLGSGGKKK,37,10.3533935546875,0.2087719307041417,0.2087719307041417,10.3533935546875,10.3533935546875,10.3533935546875,10.3533935546875
peptide58,LSAAVYVSKKG,11,10.8359375,0.32530160446831824,0.32530160446831824,10.8359375,10.8359375,10.8359375,10.8359375
peptide59,DAAPKAGPDTKKKSHKK,17,10.97900390625,0.3002192993768187,0.3002192993768187,10.97900390625,10.97900390625,10.97900390625,10.97900390625
peptide60,ISQMSVPSPLKPG,13,12.84375,0.16646366774464275,0.16646366774464275,12.84375,12.84375,12.84375,12.84375
peptide61,ESASAHPGSSKAHKYKGKKPGPKYHKYGYLFH,32,10.565673828125,0.14993729166068906,0.14993729166068906,10.565673828125,10.565673828125,10.565673828125,10.565673828125
peptide62,PAIGLAWYYPGPDDHKPKKHY,21,9.76953125,0.1051091331375923,0.1051091331375923,9.76953125,9.76953125,9.76953125,9.76953125
peptide63,KCARPGDNKHYGKYKKHH,18,10.654541015625,0.23586868569082695,0.23586868569082695,10.654541015625,10.654541015625,10.654541015625,10.654541015625
peptide64,RATCEALHWKYGYPPSPKGDYKQKGGKKGKEKHQHKAGH,39,10.54150390625,0.022056830418985558,0.022056830418985558,10.54150390625,10.54150390625,10.54150390625,10.54150390625
peptide65,NHAPTRAKGGYGKKNKAHKG,20,11.826171875,0.1623471423706881,0.1623471423706881,11.826171875,11.826171875,11.826171875,11.826171875
peptide66,GAAGAKPRGGGKPDY,15,10.80419921875,0.1105673344896589,0.1105673344896589,10.80419921875,10.80419921875,10.80419921875,10.80419921875
peptide67,NFNTPSHSDY,10,7.671875,0.10679908844531394,0.10679908844531394,7.671875,7.671875,7.671875,7.671875
peptide68,NQGLKPDDGGYGYHGPKKKP,20,10.201416015625,0.06586923901827554,0.06586923901827554,10.201416015625,10.201416015625,10.201416015625,10.201416015625
peptide69,HYYMDPDAGKYP,12,7.6015625,0.13535645339973798,0.13535645339973798,7.6015625,7.6015625,7.6015625,7.6015625
peptide70,KACGYAVKKPKYYKHKYGKKPGP,23,10.654052734375,0.25789815529746607,0.25789815529746607,10.654052734375,10.654052734375,10.654052734375,10.654052734375
peptide71,DAAYDTKGYKKHKGHYGKHPGYKGGGKHSKGKNGG,35,10.582763671875,0.10793627846255067,0.10793627846255067,10.582763671875,10.582763671875,10.582763671875,10.582763671875
peptide72,YMLHSSKWGG,10,10.458984375,0.18640076500594968,0.18640076500594968,10.458984375,10.458984375,10.458984375,10.458984375
peptide73,GAHYADKYHKDGY,13,9.333984375,0.4025245515721675,0.4025245515721675,9.333984375,9.333984375,9.333984375,9.333984375
peptide74,VAYLTKKKLGDHPGKYGKKYGLSYKKKYKDYLKGKHKG,38,10.6519775390625,0.25223259324204733,0.25223259324204733,10.6519775390625,10.6519775390625,10.6519775390625,10.6519775390625
peptide75,IYAYHVRKPYHHKRPQKSGK,20,11.1708984375,0.17833156168598563,0.17833156168598563,11.1708984375,11.1708984375,11.1708984375,11.1708984375
peptide76,GADGPHKGHG,10,10.025390625,0.2724233847143612,0.2724233847143612,10.025390625,10.025390625,10.025390625,10.025390625
peptide77,RHLKIHVKKC,10,11.6767578125,0.5397018680820619,0.5397018680820619,11.6767578125,11.6767578125,11.6767578125,11.6767578125
peptide78,PADKKKQSPYAGAK,14,10.7646484375,0.19462284759941992,0.19462284759941992,10.7646484375,10.7646484375,10.7646484375,10.7646484375
peptide79,KAWAYHDKGHHRKHKPHIGGKGKNGKGYKRKDKY,34,11.0677490234375,0.20220144860410214,0.20220144860410214,11.0677490234375,11.0677490234375,11.0677490234375,11.0677490234375
peptide80,VQTCEKHSYHGPHSKKGKKK,20,10.7373046875,0.134823179884458,0.134823179884458,10.7373046875,10.7373046875,10.7373046875,10.7373046875
peptide81,IMSAAALKKGHK,12,13.078125,0.2202882790464615,0.2202882790464615,13.078125,13.078125,13.078125,13.078125
peptide82,MYAPHHPPYGGPKHGGYGHG,20,9.86865234375,0.0945552625413218,0.0945552625413218,9.86865234375,9.86865234375,9.86865234375,9.86865234375
peptide83,CAHARGKYKKHHKYK,15,10.928955078125,0.10770616400420505,0.10770616400420505,10.928955078125,10.928955078125,10.928955078125,10.928955078125
peptide84,IMGAKYGPGKGKPHKQYGHG,20,10.824462890625,0.12475142928411856,0.12475142928411856,10.824462890625,10.824462890625,10.824462890625,10.824462890625
peptide85,CVHSKLDPGSPPDHGHGYKHHKKKYKYTGYGSHYYRPHGH,40,10.081787109375,0.1290767054460993,0.1290767054460993,10.081787109375,10.081787109375,10.081787109375,10.081787109375
peptide86,MLCYMSFVYKKP,12,9.98583984375,0.25883258992878716,0.25883258992878716,9.98583984375,9.98583984375,9.98583984375,9.98583984375
peptide87,PDDAHAAGYKYK,12,9.43701171875,0.19954353233191022,0.19954353233191022,9.43701171875,9.43701171875,9.43701171875,9.43701171875
peptide88,KDFAMGKLGDPKDY,14,9.52978515625,0.09708534519948764,0.09708534519948764,9.52978515625,9.52978515625,9.52978515625,9.52978515625
peptide89,DLYCCDHEPD,10,3.81396484375,0.10788217156760324,0.10788217156760324,3.81396484375,3.81396484375,3.81396484375,3.81396484375
peptide90,HYRKGLKIGYKGHISPPAIK,20,11.1826171875,0.23104888694764397,0.23104888694764397,11.1826171875,11.1826171875,11.1826171875,11.1826171875
peptide91,WAPAKGAGYR,10,11.4638671875,0.23284379843898861,0.23284379843898861,11.4638671875,11.4638671875,11.4638671875,11.4638671875
peptide92,MDAKHSDKGHPKHHKPYYPHLKGSDYKKKYKKFKGPKK,38,10.7137451171875,0.061178604816554724,0.061178604816554724,10.7137451171875,10.7137451171875,10.7137451171875,10.7137451171875
peptide93,HANAAAYPHH,10,9.740234375,0.09736448226937353,0.09736448226937353,9.740234375,9.740234375,9.740234375,9.740234375
peptide94,SPLADCMPGAFYHPK,15,8.6953125,0.24499021398653387,0.24499021398653387,8.6953125,8.6953125,8.6953125,8.6953125
peptide95,PAAKQMKCYRHYKKPS,16,10.80859375,0.27048304048789196,0.27048304048789196,10.80859375,10.80859375,10.80859375,10.80859375
peptide96,RACWEHIKKYGGGYKHSWSY,20,10.107666015625,0.37533312500398786,0.37533312500398786,10.107666015625,10.107666015625,10.107666015625,10.107666015625
peptide97,FNGSPQMGKYYD,12,9.4765625,0.335018270080141,0.335018270080141,9.4765625,9.4765625,9.4765625,9.4765625
peptide98,KANSEKSPKKKH,12,11.27880859375,0.050205654886262045,0.050205654886262045,11.27880859375,11.27880859375,11.27880859375,11.27880859375
peptide99,FKSLQEKAGPYGHRGKPKGH,20,11.146484375,0.32102249533320143,0.32102249533320143,11.146484375,11.146484375,11.146484375,11.146484375
